[{"name":"company","cname":"公司大楼经营管理","user":"王惊涛","region":null,"entiry":"32f6ca49-91a7-4577-8e75-4e6aee67e0cb","dcs":"","type":"2","status":1,"mode":"business","modelList":[{"flowInfo":[{"to":["2d4a0b62-4a98-4a53-864d-f81e7a0283bc"],"top":75,"left":234,"status":"loading","isSource":true,"isTarget":false,"config":[{"label":"名称","name":"label","type":"text","value":"物资清点","require":true},{"label":"描述","name":"description","type":"textarea","value":"","require":false},{"label":"归属","name":"affiliation","type":"select","value":"check","require":true,"options":[{"label":"审核信息","value":"check"},{"label":"生产经营","value":"manage"},{"label":"结算报销","value":"account"}]}],"id":"7f373aef-cde7-495b-902f-e54c5d9af7ef","Container":"plumbBox","anchor":["Bottom","Top","Left","Right"],"connector":"Bezier","endpoint":"Blank","paintStyle":{"stroke":"#364249","strokeWidth":1,"outlineStroke":"transparent","outlineWidth":10},"hoverPaintStyle":{"stroke":"#000","strokeWidth":1.3},"overlays":[["Arrow",{"width":5,"length":5,"location":1,"id":"4cc9668d-020e-46fd-b32c-524ab55068ec"}]],"endpointStyle":{"fill":"lightgray","outlineStroke":"darkgray","outlineWidth":2}},{"to":[],"top":221,"left":251,"status":"loading","isSource":true,"isTarget":true,"config":[{"label":"名称","name":"label","type":"text","value":"采购物资","require":true},{"label":"描述","name":"description","type":"textarea","value":"","require":false},{"label":"归属","name":"affiliation","type":"select","value":"account","require":true,"options":[{"label":"审核信息","value":"check"},{"label":"生产经营","value":"manage"},{"label":"结算报销","value":"account"}]}],"id":"2d4a0b62-4a98-4a53-864d-f81e7a0283bc","Container":"plumbBox","anchor":["Bottom","Top","Left","Right"],"connector":"Bezier","endpoint":"Blank","paintStyle":{"stroke":"#364249","strokeWidth":1,"outlineStroke":"transparent","outlineWidth":10},"hoverPaintStyle":{"stroke":"#000","strokeWidth":1.3},"overlays":[["Arrow",{"width":5,"length":5,"location":1,"id":"4cc9668d-020e-46fd-b32c-524ab55068ec"}]],"endpointStyle":{"fill":"lightgray","outlineStroke":"darkgray","outlineWidth":2}}],"scenarioName":"常规管理","modeType":3,"id":"12c71841-d0ce-4ad2-b3fb-bd1dba4e1046"}],"dsc":"公司大楼物资管理","uuid":"77d4cac6-cd14-4833-875b-0ba9514898fa","time":"2023-06-19 09:14:44","id":1,"isRisk":true},{"name":"coder-play","cname":"程序员专业领域","user":"王惊涛","region":null,"entiry":"32f6ca49-91a7-4577-8e75-4e6aee67e0cb","dcs":"","type":"4","status":1,"mode":"business","modelList":[{"flowInfo":[{"to":["bd0064ad-e4de-4aac-b1b3-b412c000c68a"],"top":57,"left":307,"status":"loading","isSource":true,"isTarget":false,"config":[{"label":"名称","name":"label","type":"text","value":"起始节点1","require":true},{"label":"描述","name":"description","type":"textarea","value":"","require":false},{"label":"归属","name":"affiliation","type":"select","value":"check","require":true,"options":[{"label":"审核信息","value":"check"},{"label":"生产经营","value":"manage"},{"label":"结算报销","value":"account"}]}],"id":"3e63e8a7-60af-4052-ba9d-568335df247f","Container":"plumbBox","anchor":["Bottom","Top","Left","Right"],"connector":"Bezier","endpoint":"Blank","paintStyle":{"stroke":"#364249","strokeWidth":1,"outlineStroke":"transparent","outlineWidth":10},"hoverPaintStyle":{"stroke":"#000","strokeWidth":1.3},"overlays":[["Arrow",{"width":5,"length":5,"location":1,"id":"5001e5d6-c4ca-47a1-8291-66f6789a6b6b"}]],"endpointStyle":{"fill":"lightgray","outlineStroke":"darkgray","outlineWidth":2}},{"to":[],"top":275,"left":326,"status":"loading","isSource":true,"isTarget":true,"config":[{"label":"名称","name":"label","type":"text","value":"起始节点2","require":true},{"label":"描述","name":"description","type":"textarea","value":"","require":false},{"label":"归属","name":"affiliation","type":"select","value":"check","require":true,"options":[{"label":"审核信息","value":"check"},{"label":"生产经营","value":"manage"},{"label":"结算报销","value":"account"}]}],"id":"bd0064ad-e4de-4aac-b1b3-b412c000c68a","Container":"plumbBox","anchor":["Bottom","Top","Left","Right"],"connector":"Bezier","endpoint":"Blank","paintStyle":{"stroke":"#364249","strokeWidth":1,"outlineStroke":"transparent","outlineWidth":10},"hoverPaintStyle":{"stroke":"#000","strokeWidth":1.3},"overlays":[["Arrow",{"width":5,"length":5,"location":1,"id":"5001e5d6-c4ca-47a1-8291-66f6789a6b6b"}]],"endpointStyle":{"fill":"lightgray","outlineStroke":"darkgray","outlineWidth":2}}],"scenarioName":"编程领域1","modeType":1,"id":"b60b7f20-cf99-47bb-b190-318e9c5c3e64"}],"dsc":"程序编码","uuid":"e4f99fac-2af4-4466-b716-5208a1b0fd93","time":"2023-07-05 04:55:42","id":2}]