[{"mode":"business","propertyId":"77d4cac6-cd14-4833-875b-0ba9514898fa","status":"unreviewed","propertyName":"company","propertyCnName":"公司大楼经营管理","progress":1,"recordList":[{"time":"2023-07-19 05:38:17","name":"风险提交","user":{"name":"wjt142368","userName":"王惊涛"}}],"doneUser":{"name":"wjt142368","userName":"王惊涛"},"name":"company","riskAlias":"风险资产-1","riskPosition":"purchase","riskLevel":"normal","isControl":true,"controlSize":"year","times":["2023-07-25","2023-08-29"],"auditUser":"ms162286","explain":"风险资产-1","inform":["IAM","OA系统","邮箱"],"uuid":"af7b7d3a-693d-443a-b882-d3eb870fdfef","time":"2023-07-19 05:38:17","id":1,"flowList":[{"id":"06f54dbb-c73a-4a3b-bd89-8bb0ada68f7e","isSource":true,"isTarget":false,"maxConnections":-1,"label":"起始节点(多)","to":["d64b5c91-1974-4489-a997-842e638a1607","b26d6f8c-d601-442b-9c03-ffbdcbf686ee"],"left":453,"top":28,"status":"loading","RenderMode":"canvas","Container":"canvasBox","anchor":["Bottom","Top","Left","Right"],"connector":"Straight","endpoint":"Blank","paintStyle":{"stroke":"#364249","strokeWidth":1,"outlineStroke":"transparent","outlineWidth":10},"overlays":[["Arrow",{"width":5,"length":5,"location":1,"id":"7e8c8b2b-e40e-4495-94e6-6ab42809b7b5"}]],"endpointStyle":{"fill":"lightgray","outlineStroke":"darkgray","outlineWidth":2},"hoverPaintStyle":{"stroke":"#000","strokeWidth":1.3}},{"id":"d64b5c91-1974-4489-a997-842e638a1607","isSource":true,"isTarget":true,"maxConnections":-1,"label":"提交直接负责人","to":["1363eea9-3b0c-44a7-91e8-df5655dcc235"],"left":231,"top":128,"status":"loading","RenderMode":"canvas","Container":"canvasBox","anchor":["Bottom","Top","Left","Right"],"connector":"Straight","endpoint":"Blank","paintStyle":{"stroke":"#364249","strokeWidth":1,"outlineStroke":"transparent","outlineWidth":10},"overlays":[["Arrow",{"width":5,"length":5,"location":1,"id":"7e8c8b2b-e40e-4495-94e6-6ab42809b7b5"}]],"endpointStyle":{"fill":"lightgray","outlineStroke":"darkgray","outlineWidth":2},"hoverPaintStyle":{"stroke":"#000","strokeWidth":1.3}},{"id":"b26d6f8c-d601-442b-9c03-ffbdcbf686ee","isSource":true,"isTarget":true,"maxConnections":-1,"label":"提交工单","to":["c9155476-6816-46b7-9404-418dfd9bff0a"],"left":674,"top":137,"status":"loading","RenderMode":"canvas","Container":"canvasBox","anchor":["Bottom","Top","Left","Right"],"connector":"Straight","endpoint":"Blank","paintStyle":{"stroke":"#364249","strokeWidth":1,"outlineStroke":"transparent","outlineWidth":10},"overlays":[["Arrow",{"width":5,"length":5,"location":1,"id":"7e8c8b2b-e40e-4495-94e6-6ab42809b7b5"}]],"endpointStyle":{"fill":"lightgray","outlineStroke":"darkgray","outlineWidth":2},"hoverPaintStyle":{"stroke":"#000","strokeWidth":1.3}},{"id":"1363eea9-3b0c-44a7-91e8-df5655dcc235","isSource":true,"isTarget":true,"maxConnections":-1,"label":"分析风险","to":["b26d6f8c-d601-442b-9c03-ffbdcbf686ee"],"left":231,"top":247,"status":"loading","RenderMode":"canvas","Container":"canvasBox","anchor":["Bottom","Top","Left","Right"],"connector":"Straight","endpoint":"Blank","paintStyle":{"stroke":"#364249","strokeWidth":1,"outlineStroke":"transparent","outlineWidth":10},"overlays":[["Arrow",{"width":5,"length":5,"location":1,"id":"7e8c8b2b-e40e-4495-94e6-6ab42809b7b5"}]],"endpointStyle":{"fill":"lightgray","outlineStroke":"darkgray","outlineWidth":2},"hoverPaintStyle":{"stroke":"#000","strokeWidth":1.3}},{"id":"c9155476-6816-46b7-9404-418dfd9bff0a","isSource":true,"isTarget":true,"maxConnections":-1,"label":"会议决定","to":["413b0832-4ed6-4ba8-9796-503465f74cdd"],"left":676,"top":247,"status":"loading","RenderMode":"canvas","Container":"canvasBox","anchor":["Bottom","Top","Left","Right"],"connector":"Straight","endpoint":"Blank","paintStyle":{"stroke":"#364249","strokeWidth":1,"outlineStroke":"transparent","outlineWidth":10},"overlays":[["Arrow",{"width":5,"length":5,"location":1,"id":"7e8c8b2b-e40e-4495-94e6-6ab42809b7b5"}]],"endpointStyle":{"fill":"lightgray","outlineStroke":"darkgray","outlineWidth":2},"hoverPaintStyle":{"stroke":"#000","strokeWidth":1.3}},{"id":"413b0832-4ed6-4ba8-9796-503465f74cdd","isSource":true,"isTarget":true,"maxConnections":-1,"label":"监控风险","to":["50fcbb2f-e49d-4b1b-b69f-6be019b00057","b089639c-3494-4fe5-bbfd-22f05497eaf5"],"left":675,"top":359,"status":"loading","RenderMode":"canvas","Container":"canvasBox","anchor":["Bottom","Top","Left","Right"],"connector":"Straight","endpoint":"Blank","paintStyle":{"stroke":"#364249","strokeWidth":1,"outlineStroke":"transparent","outlineWidth":10},"overlays":[["Arrow",{"width":5,"length":5,"location":1,"id":"7e8c8b2b-e40e-4495-94e6-6ab42809b7b5"}]],"endpointStyle":{"fill":"lightgray","outlineStroke":"darkgray","outlineWidth":2},"hoverPaintStyle":{"stroke":"#000","strokeWidth":1.3}},{"id":"50fcbb2f-e49d-4b1b-b69f-6be019b00057","isSource":true,"isTarget":true,"maxConnections":-1,"label":"风险未发生","to":["50fcbb2f-e49d-4b1b-b69f-6be019b00057","8a623b27-a5b0-4ff1-ae6d-4ada941017ff"],"left":228,"top":358,"status":"loading","RenderMode":"canvas","Container":"canvasBox","anchor":["Bottom","Top","Left","Right"],"connector":"Straight","endpoint":"Blank","paintStyle":{"stroke":"#364249","strokeWidth":1,"outlineStroke":"transparent","outlineWidth":10},"overlays":[["Arrow",{"width":5,"length":5,"location":1,"id":"7e8c8b2b-e40e-4495-94e6-6ab42809b7b5"}]],"endpointStyle":{"fill":"lightgray","outlineStroke":"darkgray","outlineWidth":2},"hoverPaintStyle":{"stroke":"#000","strokeWidth":1.3}},{"id":"0e131b69-138b-4299-b3c2-0134f3161114","isSource":true,"isTarget":true,"maxConnections":-1,"label":"解除风险","to":[],"left":230,"top":602,"status":"loading","RenderMode":"canvas","Container":"canvasBox","anchor":["Bottom","Top","Left","Right"],"connector":"Straight","endpoint":"Blank","paintStyle":{"stroke":"#364249","strokeWidth":1,"outlineStroke":"transparent","outlineWidth":10},"overlays":[["Arrow",{"width":5,"length":5,"location":1,"id":"7e8c8b2b-e40e-4495-94e6-6ab42809b7b5"}]],"endpointStyle":{"fill":"lightgray","outlineStroke":"darkgray","outlineWidth":2},"hoverPaintStyle":{"stroke":"#000","strokeWidth":1.3}},{"id":"8a623b27-a5b0-4ff1-ae6d-4ada941017ff","isSource":true,"isTarget":true,"maxConnections":-1,"label":"报备审批","to":["0e131b69-138b-4299-b3c2-0134f3161114"],"left":228,"top":478,"status":"loading","RenderMode":"canvas","Container":"canvasBox","anchor":["Bottom","Top","Left","Right"],"connector":"Straight","endpoint":"Blank","paintStyle":{"stroke":"#364249","strokeWidth":1,"outlineStroke":"transparent","outlineWidth":10},"overlays":[["Arrow",{"width":5,"length":5,"location":1,"id":"7e8c8b2b-e40e-4495-94e6-6ab42809b7b5"}]],"endpointStyle":{"fill":"lightgray","outlineStroke":"darkgray","outlineWidth":2},"hoverPaintStyle":{"stroke":"#000","strokeWidth":1.3}},{"id":"5bfbdf82-e6d1-4644-87c9-73083a267278","isSource":true,"isTarget":true,"maxConnections":1,"label":"启动风险解决方案","to":["2914af39-b9cb-424b-88e2-694f64b297cd"],"left":675,"top":476,"status":"loading","RenderMode":"canvas","Container":"canvasBox","anchor":["Bottom","Top","Left","Right"],"connector":"Straight","endpoint":"Blank","paintStyle":{"stroke":"#364249","strokeWidth":1,"outlineStroke":"transparent","outlineWidth":10},"overlays":[["Arrow",{"width":5,"length":5,"location":1,"id":"7e8c8b2b-e40e-4495-94e6-6ab42809b7b5"}]],"endpointStyle":{"fill":"lightgray","outlineStroke":"darkgray","outlineWidth":2},"hoverPaintStyle":{"stroke":"#000","strokeWidth":1.3}},{"id":"b089639c-3494-4fe5-bbfd-22f05497eaf5","isSource":true,"isTarget":true,"maxConnections":-1,"label":"风险爆发","to":["5bfbdf82-e6d1-4644-87c9-73083a267278"],"left":1016,"top":358,"status":"loading","RenderMode":"canvas","Container":"canvasBox","anchor":["Bottom","Top","Left","Right"],"connector":"Straight","endpoint":"Blank","paintStyle":{"stroke":"#364249","strokeWidth":1,"outlineStroke":"transparent","outlineWidth":10},"overlays":[["Arrow",{"width":5,"length":5,"location":1,"id":"7e8c8b2b-e40e-4495-94e6-6ab42809b7b5"}]],"endpointStyle":{"fill":"lightgray","outlineStroke":"darkgray","outlineWidth":2},"hoverPaintStyle":{"stroke":"#000","strokeWidth":1.3}},{"id":"2914af39-b9cb-424b-88e2-694f64b297cd","isSource":true,"isTarget":true,"maxConnections":1,"label":"风险解决完毕","to":["8a623b27-a5b0-4ff1-ae6d-4ada941017ff"],"left":684,"top":603,"status":"loading","RenderMode":"canvas","Container":"canvasBox","anchor":["Bottom","Top","Left","Right"],"connector":"Straight","endpoint":"Blank","paintStyle":{"stroke":"#364249","strokeWidth":1,"outlineStroke":"transparent","outlineWidth":10},"overlays":[["Arrow",{"width":5,"length":5,"location":1,"id":"7e8c8b2b-e40e-4495-94e6-6ab42809b7b5"}]],"endpointStyle":{"fill":"lightgray","outlineStroke":"darkgray","outlineWidth":2},"hoverPaintStyle":{"stroke":"#000","strokeWidth":1.3}}]}]