[
    {
        "name": "super",
        "cname": "超级管理员",
        "menuName": [
            {
                "label": "实体",
                "name": "entiry",
                "flag": true,
                "indeterminate": true,
                "disabled": true,
                "routeName": "entiry"
            },
            {
                "label": "业务领域",
                "name": "business",
                "flag": true,
                "indeterminate": false,
                "disabled": true,
                "routeName": "business"
            },
            {
                "label": "任务",
                "name": "task",
                "flag": true,
                "indeterminate": true,
                "disabled": true,
                "routeName": "task"
            },
            {
                "label": "价值流",
                "name": "valueflow",
                "flag": true,
                "indeterminate": false,
                "disabled": true,
                "routeName": "valueflow"
            },
            {
                "label": "统计图表",
                "name": "graph",
                "flag": true,
                "indeterminate": false,
                "disabled": true,
                "routeName": "graph"
            },
            {
                "label": "风险管理",
                "name": "risk",
                "flag": true,
                "indeterminate": false,
                "disabled": true,
                "routeName": "risk"
            },
            {
                "label": "权限管理",
                "name": "permission",
                "flag": true,
                "indeterminate": false,
                "disabled": true,
                "routeName": "permission"
            },
            {
                "label": "文本编辑",
                "name": "editor",
                "flag": true,
                "indeterminate": false,
                "disabled": true,
                "routeName": "editor"
            }
        ],
        "doneName": [
            [
                {
                    "parent": "entiry",
                    "name": "req",
                    "label": "查询",
                    "flag": true,
                    "disabled": true,
                    "routeName": "entiryList"
                },
                {
                    "parent": "entiry",
                    "name": "detail",
                    "label": "查看",
                    "flag": true,
                    "disabled": true,
                    "routeName": "entiryDetail"
                },
                {
                    "parent": "entiry",
                    "name": "add",
                    "label": "新增",
                    "flag": true,
                    "disabled": true,
                    "routeName": "entiryAdd"
                },
                {
                    "parent": "entiry",
                    "name": "edit",
                    "label": "编辑",
                    "flag": true,
                    "disabled": true,
                    "routeName": "entiryEdit"
                },
                {
                    "parent": "entiry",
                    "name": "delete",
                    "label": "删除",
                    "flag": true,
                    "disabled": true
                },
                {
                    "parent": "entiry",
                    "name": "riskFlag",
                    "label": "风险标记",
                    "flag": true,
                    "disabled": true
                }
            ],
            [
                {
                    "parent": "business",
                    "name": "req",
                    "label": "查询",
                    "flag": true,
                    "disabled": true,
                    "routeName": "businessList"
                },
                {
                    "parent": "business",
                    "name": "add",
                    "label": "新增",
                    "flag": true,
                    "disabled": true,
                    "routeName": "newBusiness"
                },
                {
                    "parent": "business",
                    "name": "edit",
                    "label": "编辑",
                    "flag": true,
                    "disabled": true,
                    "routeName": "businessEdit"
                },
                {
                    "parent": "business",
                    "name": "delete",
                    "label": "删除",
                    "flag": true,
                    "disabled": true
                },
                {
                    "parent": "business",
                    "name": "riskFlag",
                    "label": "风险标记",
                    "flag": true,
                    "disabled": true
                }
            ],
            [
                {
                    "parent": "task",
                    "name": "req",
                    "label": "查询",
                    "flag": true,
                    "disabled": true,
                    "routeName": "taskList"
                },
                {
                    "parent": "task",
                    "name": "detail",
                    "label": "查看",
                    "flag": true,
                    "disabled": true,
                    "routeName": "taskDetail"
                },
                {
                    "parent": "task",
                    "name": "add",
                    "label": "新增",
                    "flag": true,
                    "disabled": true,
                    "routeName": "taskAdd"
                },
                {
                    "parent": "task",
                    "name": "edit",
                    "label": "编辑",
                    "flag": true,
                    "disabled": true,
                    "routeName": "taskEdit"
                },
                {
                    "parent": "task",
                    "name": "delete",
                    "label": "删除",
                    "flag": true,
                    "disabled": true
                },
                {
                    "parent": "task",
                    "name": "riskFlag",
                    "label": "风险标记",
                    "flag": true,
                    "disabled": true
                }
            ],
            [
                {
                    "parent": "valueflow",
                    "name": "req",
                    "label": "查询",
                    "flag": true,
                    "disabled": true,
                    "routeName": "valueflowList"
                },
                {
                    "parent": "valueflow",
                    "name": "detail",
                    "label": "查看",
                    "flag": true,
                    "disabled": true,
                    "routeName": "valueflowDetail"
                },
                {
                    "parent": "valueflow",
                    "name": "add",
                    "label": "新增",
                    "flag": true,
                    "disabled": true,
                    "routeName": "valueflowAdd"
                },
                {
                    "parent": "valueflow",
                    "name": "edit",
                    "label": "编辑",
                    "flag": true,
                    "disabled": true,
                    "routeName": "valueflowEdit"
                },
                {
                    "parent": "valueflow",
                    "name": "delete",
                    "label": "删除",
                    "flag": true,
                    "disabled": true
                },
                {
                    "parent": "valueflow",
                    "name": "riskFlag",
                    "label": "风险标记",
                    "flag": true,
                    "disabled": true
                }
            ],
            [
                {
                    "parent": "graph",
                    "name": "req",
                    "label": "查看",
                    "flag": true,
                    "disabled": true,
                    "routeName": "graphList"
                }
            ],
            [
                {
                    "parent": "risk",
                    "name": "req",
                    "label": "查询",
                    "flag": true,
                    "disabled": true,
                    "routeName": "riskList"
                },
                {
                    "parent": "risk",
                    "name": "edit",
                    "label": "绘图",
                    "flag": true,
                    "disabled": true,
                    "routeName": "riskModel"
                },
                {
                    "parent": "risk",
                    "name": "delete",
                    "label": "解除",
                    "flag": true,
                    "disabled": true
                }
            ],
            [
                {
                    "parent": "permission",
                    "name": "req",
                    "label": "查看",
                    "flag": true,
                    "disabled": true
                },
                {
                    "parent": "permission",
                    "name": "edit",
                    "label": "修改",
                    "flag": true,
                    "disabled": true
                }
            ],
            [
                {
                    "parent": "editor",
                    "name": "use",
                    "label": "编辑",
                    "flag": true,
                    "disabled": true
                }
            ]
        ],
        "_X_ROW_KEY": "row_1728"
    },
    {
        "name": "normal",
        "cname": "常规租户",
        "menuName": [
            {
                "label": "实体",
                "name": "entiry",
                "flag": false,
                "indeterminate": true,
                "disabled": false,
                "routeName": "entiry"
            },
            {
                "label": "业务领域",
                "name": "business",
                "flag": false,
                "indeterminate": true,
                "disabled": false,
                "routeName": "business"
            },
            {
                "label": "任务",
                "name": "task",
                "flag": false,
                "indeterminate": true,
                "disabled": false,
                "routeName": "task"
            },
            {
                "label": "价值流",
                "name": "valueflow",
                "flag": false,
                "indeterminate": true,
                "disabled": false,
                "routeName": "valueflow"
            },
            {
                "label": "统计图表",
                "name": "graph",
                "flag": true,
                "indeterminate": false,
                "disabled": false,
                "routeName": "graph"
            },
            {
                "label": "风险管理",
                "name": "risk",
                "flag": true,
                "indeterminate": false,
                "disabled": false,
                "routeName": "risk"
            },
            {
                "label": "权限管理",
                "name": "permission",
                "flag": false,
                "indeterminate": true,
                "disabled": false,
                "routeName": "permission"
            },
            {
                "label": "文本编辑",
                "name": "editor",
                "flag": true,
                "indeterminate": false,
                "disabled": false,
                "routeName": "editor"
            }
        ],
        "doneName": [
            [
                {
                    "parent": "entiry",
                    "name": "req",
                    "label": "查询",
                    "flag": true,
                    "disabled": false,
                    "routeName": "entiryList"
                },
                {
                    "parent": "entiry",
                    "name": "detail",
                    "label": "查看",
                    "flag": true,
                    "disabled": false,
                    "routeName": "entiryDetail"
                },
                {
                    "parent": "entiry",
                    "name": "add",
                    "label": "新增",
                    "flag": true,
                    "disabled": false,
                    "routeName": "entiryAdd"
                },
                {
                    "parent": "entiry",
                    "name": "edit",
                    "label": "编辑",
                    "flag": true,
                    "disabled": false,
                    "routeName": "entiryEdit"
                },
                {
                    "parent": "entiry",
                    "name": "delete",
                    "label": "删除",
                    "flag": true,
                    "disabled": false
                },
                {
                    "parent": "entiry",
                    "name": "riskFlag",
                    "label": "风险标记",
                    "flag": false,
                    "disabled": false
                }
            ],
            [
                {
                    "parent": "business",
                    "name": "req",
                    "label": "查询",
                    "flag": true,
                    "disabled": false,
                    "routeName": "businessList"
                },
                {
                    "parent": "business",
                    "name": "add",
                    "label": "新增",
                    "flag": true,
                    "disabled": false,
                    "routeName": "newBusiness"
                },
                {
                    "parent": "business",
                    "name": "edit",
                    "label": "编辑",
                    "flag": true,
                    "disabled": false,
                    "routeName": "businessEdit"
                },
                {
                    "parent": "business",
                    "name": "delete",
                    "label": "删除",
                    "flag": true,
                    "disabled": false
                },
                {
                    "parent": "business",
                    "name": "riskFlag",
                    "label": "风险标记",
                    "flag": false,
                    "disabled": false
                }
            ],
            [
                {
                    "parent": "task",
                    "name": "req",
                    "label": "查询",
                    "flag": true,
                    "disabled": false,
                    "routeName": "taskList"
                },
                {
                    "parent": "task",
                    "name": "detail",
                    "label": "查看",
                    "flag": true,
                    "disabled": false,
                    "routeName": "taskDetail"
                },
                {
                    "parent": "task",
                    "name": "add",
                    "label": "新增",
                    "flag": true,
                    "disabled": false,
                    "routeName": "taskAdd"
                },
                {
                    "parent": "task",
                    "name": "edit",
                    "label": "编辑",
                    "flag": true,
                    "disabled": false,
                    "routeName": "taskEdit"
                },
                {
                    "parent": "task",
                    "name": "delete",
                    "label": "删除",
                    "flag": true,
                    "disabled": false
                },
                {
                    "parent": "task",
                    "name": "riskFlag",
                    "label": "风险标记",
                    "flag": false,
                    "disabled": false
                }
            ],
            [
                {
                    "parent": "valueflow",
                    "name": "req",
                    "label": "查询",
                    "flag": true,
                    "disabled": false,
                    "routeName": "valueflowList"
                },
                {
                    "parent": "valueflow",
                    "name": "detail",
                    "label": "查看",
                    "flag": true,
                    "disabled": false,
                    "routeName": "valueflowDetail"
                },
                {
                    "parent": "valueflow",
                    "name": "add",
                    "label": "新增",
                    "flag": true,
                    "disabled": false,
                    "routeName": "valueflowAdd"
                },
                {
                    "parent": "valueflow",
                    "name": "edit",
                    "label": "编辑",
                    "flag": true,
                    "disabled": false,
                    "routeName": "valueflowEdit"
                },
                {
                    "parent": "valueflow",
                    "name": "delete",
                    "label": "删除",
                    "flag": true,
                    "disabled": false
                },
                {
                    "parent": "valueflow",
                    "name": "riskFlag",
                    "label": "风险标记",
                    "flag": false,
                    "disabled": false
                }
            ],
            [
                {
                    "parent": "graph",
                    "name": "req",
                    "label": "查看",
                    "flag": true,
                    "disabled": false,
                    "routeName": "graphList"
                }
            ],
            [
                {
                    "parent": "risk",
                    "name": "req",
                    "label": "查询",
                    "flag": true,
                    "disabled": false,
                    "routeName": "riskList"
                },
                {
                    "parent": "risk",
                    "name": "edit",
                    "label": "绘图",
                    "flag": true,
                    "disabled": false,
                    "routeName": "riskModel"
                },
                {
                    "parent": "risk",
                    "name": "delete",
                    "label": "解除",
                    "flag": true,
                    "disabled": false
                }
            ],
            [
                {
                    "parent": "permission",
                    "name": "req",
                    "label": "查看",
                    "flag": true,
                    "disabled": false
                },
                {
                    "parent": "permission",
                    "name": "edit",
                    "label": "修改",
                    "flag": false,
                    "disabled": false
                }
            ],
            [
                {
                    "parent": "editor",
                    "name": "use",
                    "label": "编辑",
                    "flag": true,
                    "disabled": false
                }
            ]
        ],
        "_X_ROW_KEY": "row_1728"
    },
    {
        "name": "code",
        "cname": "开发人员",
        "menuName": [
            {
                "label": "实体",
                "name": "entiry",
                "flag": true,
                "indeterminate": false,
                "disabled": false,
                "routeName": "entiry"
            },
            {
                "label": "业务领域",
                "name": "business",
                "flag": true,
                "indeterminate": false,
                "disabled": false,
                "routeName": "business"
            },
            {
                "label": "任务",
                "name": "task",
                "flag": true,
                "indeterminate": true,
                "disabled": false,
                "routeName": "task"
            },
            {
                "label": "价值流",
                "name": "valueflow",
                "flag": true,
                "indeterminate": false,
                "disabled": false,
                "routeName": "valueflow"
            },
            {
                "label": "统计图表",
                "name": "graph",
                "flag": true,
                "indeterminate": false,
                "disabled": false,
                "routeName": "graph"
            },
            {
                "label": "风险管理",
                "name": "risk",
                "flag": false,
                "indeterminate": true,
                "disabled": false,
                "routeName": "risk"
            },
            {
                "label": "权限管理",
                "name": "permission",
                "flag": true,
                "indeterminate": false,
                "disabled": false,
                "routeName": "permission"
            },
            {
                "label": "文本编辑",
                "name": "editor",
                "flag": true,
                "indeterminate": false,
                "disabled": false,
                "routeName": "editor"
            }
        ],
        "doneName": [
            [
                {
                    "parent": "entiry",
                    "name": "req",
                    "label": "查询",
                    "flag": true,
                    "disabled": false,
                    "routeName": "entiryList"
                },
                {
                    "parent": "entiry",
                    "name": "detail",
                    "label": "查看",
                    "flag": true,
                    "disabled": false,
                    "routeName": "entiryDetail"
                },
                {
                    "parent": "entiry",
                    "name": "add",
                    "label": "新增",
                    "flag": true,
                    "disabled": false,
                    "routeName": "entiryAdd"
                },
                {
                    "parent": "entiry",
                    "name": "edit",
                    "label": "编辑",
                    "flag": true,
                    "disabled": false,
                    "routeName": "entiryEdit"
                },
                {
                    "parent": "entiry",
                    "name": "delete",
                    "label": "删除",
                    "flag": true,
                    "disabled": false
                },
                {
                    "parent": "entiry",
                    "name": "riskFlag",
                    "label": "风险标记",
                    "flag": true,
                    "disabled": false
                }
            ],
            [
                {
                    "parent": "business",
                    "name": "req",
                    "label": "查询",
                    "flag": true,
                    "disabled": false,
                    "routeName": "businessList"
                },
                {
                    "parent": "business",
                    "name": "add",
                    "label": "新增",
                    "flag": true,
                    "disabled": false,
                    "routeName": "newBusiness"
                },
                {
                    "parent": "business",
                    "name": "edit",
                    "label": "编辑",
                    "flag": true,
                    "disabled": false,
                    "routeName": "businessEdit"
                },
                {
                    "parent": "business",
                    "name": "delete",
                    "label": "删除",
                    "flag": true,
                    "disabled": false
                },
                {
                    "parent": "business",
                    "name": "riskFlag",
                    "label": "风险标记",
                    "flag": true,
                    "disabled": false
                }
            ],
            [
                {
                    "parent": "task",
                    "name": "req",
                    "label": "查询",
                    "flag": true,
                    "disabled": false,
                    "routeName": "taskList"
                },
                {
                    "parent": "task",
                    "name": "detail",
                    "label": "查看",
                    "flag": true,
                    "disabled": false,
                    "routeName": "taskDetail"
                },
                {
                    "parent": "task",
                    "name": "detail",
                    "label": "查看",
                    "flag": true,
                    "disabled": false,
                    "routeName": "taskDetail"
                },
                {
                    "parent": "task",
                    "name": "add",
                    "label": "新增",
                    "flag": true,
                    "disabled": false,
                    "routeName": "taskAdd"
                },
                {
                    "parent": "task",
                    "name": "edit",
                    "label": "编辑",
                    "flag": true,
                    "disabled": false,
                    "routeName": "taskEdit"
                },
                {
                    "parent": "task",
                    "name": "delete",
                    "label": "删除",
                    "flag": true,
                    "disabled": false
                },
                {
                    "parent": "task",
                    "name": "riskFlag",
                    "label": "风险标记",
                    "flag": true,
                    "disabled": false
                }
            ],
            [
                {
                    "parent": "valueflow",
                    "name": "req",
                    "label": "查询",
                    "flag": true,
                    "disabled": false,
                    "routeName": "valueflowList"
                },
                {
                    "parent": "valueflow",
                    "name": "detail",
                    "label": "查看",
                    "flag": true,
                    "disabled": false,
                    "routeName": "valueflowDetail"
                },
                {
                    "parent": "valueflow",
                    "name": "add",
                    "label": "新增",
                    "flag": true,
                    "disabled": false,
                    "routeName": "valueflowAdd"
                },
                {
                    "parent": "valueflow",
                    "name": "edit",
                    "label": "编辑",
                    "flag": true,
                    "disabled": false,
                    "routeName": "valueflowEdit"
                },
                {
                    "parent": "valueflow",
                    "name": "delete",
                    "label": "删除",
                    "flag": true,
                    "disabled": false
                },
                {
                    "parent": "valueflow",
                    "name": "riskFlag",
                    "label": "风险标记",
                    "flag": true,
                    "disabled": false
                }
            ],
            [
                {
                    "parent": "graph",
                    "name": "req",
                    "label": "查看",
                    "flag": true,
                    "disabled": false,
                    "routeName": "graphList"
                }
            ],
            [
                {
                    "parent": "risk",
                    "name": "req",
                    "label": "查询",
                    "flag": true,
                    "disabled": false,
                    "routeName": "riskList"
                },
                {
                    "parent": "risk",
                    "name": "edit",
                    "label": "绘图",
                    "flag": true,
                    "disabled": false,
                    "routeName": "riskModel"
                },
                {
                    "parent": "risk",
                    "name": "delete",
                    "label": "解除",
                    "flag": false,
                    "disabled": false
                }
            ],
            [
                {
                    "parent": "permission",
                    "name": "req",
                    "label": "查看",
                    "flag": true,
                    "disabled": false
                },
                {
                    "parent": "permission",
                    "name": "edit",
                    "label": "修改",
                    "flag": true,
                    "disabled": false
                }
            ],
            [
                {
                    "parent": "editor",
                    "name": "use",
                    "label": "编辑",
                    "flag": true,
                    "disabled": false
                }
            ]
        ],
        "_X_ROW_KEY": "row_1728"
    },
    {
        "name": "teller",
        "cname": "查询柜员",
        "menuName": [
            {
                "label": "实体",
                "name": "entiry",
                "flag": false,
                "indeterminate": false,
                "disabled": false,
                "routeName": "entiry"
            },
            {
                "label": "业务领域",
                "name": "business",
                "flag": false,
                "indeterminate": false,
                "disabled": false,
                "routeName": "business"
            },
            {
                "label": "任务",
                "name": "task",
                "flag": false,
                "indeterminate": false,
                "disabled": false,
                "routeName": "task"
            },
            {
                "label": "价值流",
                "name": "valueflow",
                "flag": false,
                "indeterminate": false,
                "disabled": false,
                "routeName": "valueflow"
            },
            {
                "label": "统计图表",
                "name": "graph",
                "flag": true,
                "indeterminate": false,
                "disabled": false,
                "routeName": "graph"
            },
            {
                "label": "风险管理",
                "name": "risk",
                "flag": false,
                "indeterminate": false,
                "disabled": false,
                "routeName": "risk"
            },
            {
                "label": "权限管理",
                "name": "permission",
                "flag": false,
                "indeterminate": false,
                "disabled": false,
                "routeName": "permission"
            },
            {
                "label": "文本编辑",
                "name": "editor",
                "flag": false,
                "indeterminate": false,
                "disabled": false,
                "routeName": "editor"
            }
        ],
        "doneName": [
            [
                {
                    "parent": "entiry",
                    "name": "req",
                    "label": "查询",
                    "flag": false,
                    "disabled": false,
                    "routeName": "entiryList"
                },
                {
                    "parent": "entiry",
                    "name": "detail",
                    "label": "查看",
                    "flag": false,
                    "disabled": false,
                    "routeName": "entiryDetail"
                },
                {
                    "parent": "entiry",
                    "name": "add",
                    "label": "新增",
                    "flag": false,
                    "disabled": false,
                    "routeName": "entiryAdd"
                },
                {
                    "parent": "entiry",
                    "name": "edit",
                    "label": "编辑",
                    "flag": false,
                    "disabled": false,
                    "routeName": "entiryEdit"
                },
                {
                    "parent": "entiry",
                    "name": "delete",
                    "label": "删除",
                    "flag": false,
                    "disabled": false
                },
                {
                    "parent": "entiry",
                    "name": "riskFlag",
                    "label": "风险标记",
                    "flag": false,
                    "disabled": false
                }
            ],
            [
                {
                    "parent": "business",
                    "name": "req",
                    "label": "查询",
                    "flag": false,
                    "disabled": false,
                    "routeName": "businessList"
                },
                {
                    "parent": "business",
                    "name": "add",
                    "label": "新增",
                    "flag": false,
                    "disabled": false,
                    "routeName": "newBusiness"
                },
                {
                    "parent": "business",
                    "name": "edit",
                    "label": "编辑",
                    "flag": false,
                    "disabled": false,
                    "routeName": "businessEdit"
                },
                {
                    "parent": "business",
                    "name": "delete",
                    "label": "删除",
                    "flag": false,
                    "disabled": false
                },
                {
                    "parent": "business",
                    "name": "riskFlag",
                    "label": "风险标记",
                    "flag": false,
                    "disabled": false
                }
            ],
            [
                {
                    "parent": "task",
                    "name": "req",
                    "label": "查询",
                    "flag": false,
                    "disabled": false,
                    "routeName": "taskList"
                },
                {
                    "parent": "task",
                    "name": "detail",
                    "label": "查看",
                    "flag": false,
                    "disabled": false,
                    "routeName": "taskDetail"
                },
                {
                    "parent": "task",
                    "name": "add",
                    "label": "新增",
                    "flag": false,
                    "disabled": false,
                    "routeName": "taskAdd"
                },
                {
                    "parent": "task",
                    "name": "edit",
                    "label": "编辑",
                    "flag": false,
                    "disabled": false,
                    "routeName": "taskEdit"
                },
                {
                    "parent": "task",
                    "name": "delete",
                    "label": "删除",
                    "flag": false,
                    "disabled": false
                },
                {
                    "parent": "task",
                    "name": "riskFlag",
                    "label": "风险标记",
                    "flag": false,
                    "disabled": false
                }
            ],
            [
                {
                    "parent": "valueflow",
                    "name": "req",
                    "label": "查询",
                    "flag": false,
                    "disabled": false,
                    "routeName": "valueflowList"
                },
                {
                    "parent": "valueflow",
                    "name": "detail",
                    "label": "查看",
                    "flag": false,
                    "disabled": false,
                    "routeName": "valueflowDetail"
                },
                {
                    "parent": "valueflow",
                    "name": "add",
                    "label": "新增",
                    "flag": false,
                    "disabled": false,
                    "routeName": "valueflowAdd"
                },
                {
                    "parent": "valueflow",
                    "name": "edit",
                    "label": "编辑",
                    "flag": false,
                    "disabled": false,
                    "routeName": "valueflowEdit"
                },
                {
                    "parent": "valueflow",
                    "name": "delete",
                    "label": "删除",
                    "flag": false,
                    "disabled": false
                },
                {
                    "parent": "valueflow",
                    "name": "riskFlag",
                    "label": "风险标记",
                    "flag": false,
                    "disabled": false
                }
            ],
            [
                {
                    "parent": "graph",
                    "name": "req",
                    "label": "查看",
                    "flag": true,
                    "disabled": false,
                    "routeName": "graphList"
                }
            ],
            [
                {
                    "parent": "risk",
                    "name": "req",
                    "label": "查询",
                    "flag": false,
                    "disabled": false,
                    "routeName": "riskList"
                },
                {
                    "parent": "risk",
                    "name": "edit",
                    "label": "绘图",
                    "flag": false,
                    "disabled": false,
                    "routeName": "riskModel"
                },
                {
                    "parent": "risk",
                    "name": "delete",
                    "label": "解除",
                    "flag": false,
                    "disabled": false
                }
            ],
            [
                {
                    "parent": "permission",
                    "name": "req",
                    "label": "查看",
                    "flag": false,
                    "disabled": false
                },
                {
                    "parent": "permission",
                    "name": "edit",
                    "label": "修改",
                    "flag": false,
                    "disabled": false
                }
            ],
            [
                {
                    "parent": "editor",
                    "name": "use",
                    "label": "编辑",
                    "flag": false,
                    "disabled": false
                }
            ]
        ],
        "_X_ROW_KEY": "row_1728"
    },
    {
        "name": "riskUser",
        "cname": "风险审查员",
        "menuName": [
            {
                "label": "实体",
                "name": "entiry",
                "flag": true,
                "indeterminate": false,
                "disabled": false,
                "routeName": "entiry"
            },
            {
                "label": "业务领域",
                "name": "business",
                "flag": true,
                "indeterminate": false,
                "disabled": false,
                "routeName": "business"
            },
            {
                "label": "任务",
                "name": "task",
                "flag": true,
                "indeterminate": false,
                "disabled": false,
                "routeName": "task"
            },
            {
                "label": "价值流",
                "name": "valueflow",
                "flag": true,
                "indeterminate": false,
                "disabled": false,
                "routeName": "valueflow"
            },
            {
                "label": "统计图表",
                "name": "graph",
                "flag": true,
                "indeterminate": false,
                "disabled": false,
                "routeName": "graph"
            },
            {
                "label": "风险管理",
                "name": "risk",
                "flag": true,
                "indeterminate": false,
                "disabled": false,
                "routeName": "risk"
            },
            {
                "label": "权限管理",
                "name": "permission",
                "flag": false,
                "indeterminate": true,
                "disabled": false,
                "routeName": "permission"
            },
            {
                "label": "文本编辑",
                "name": "editor",
                "flag": true,
                "indeterminate": false,
                "disabled": false,
                "routeName": "editor"
            }
        ],
        "doneName": [
            [
                {
                    "parent": "entiry",
                    "name": "req",
                    "label": "查询",
                    "flag": true,
                    "disabled": false,
                    "routeName": "entiryList"
                },
                {
                    "parent": "entiry",
                    "name": "detail",
                    "label": "查看",
                    "flag": true,
                    "disabled": false,
                    "routeName": "entiryDetail"
                },
                {
                    "parent": "entiry",
                    "name": "add",
                    "label": "新增",
                    "flag": true,
                    "disabled": false,
                    "routeName": "entiryAdd"
                },
                {
                    "parent": "entiry",
                    "name": "edit",
                    "label": "编辑",
                    "flag": true,
                    "disabled": false,
                    "routeName": "entiryEdit"
                },
                {
                    "parent": "entiry",
                    "name": "delete",
                    "label": "删除",
                    "flag": true,
                    "disabled": false
                },
                {
                    "parent": "entiry",
                    "name": "riskFlag",
                    "label": "风险标记",
                    "flag": true,
                    "disabled": false
                }
            ],
            [
                {
                    "parent": "business",
                    "name": "req",
                    "label": "查询",
                    "flag": true,
                    "disabled": false,
                    "routeName": "businessList"
                },
                {
                    "parent": "business",
                    "name": "add",
                    "label": "新增",
                    "flag": true,
                    "disabled": false,
                    "routeName": "newBusiness"
                },
                {
                    "parent": "business",
                    "name": "edit",
                    "label": "编辑",
                    "flag": true,
                    "disabled": false,
                    "routeName": "businessEdit"
                },
                {
                    "parent": "business",
                    "name": "delete",
                    "label": "删除",
                    "flag": true,
                    "disabled": false
                },
                {
                    "parent": "business",
                    "name": "riskFlag",
                    "label": "风险标记",
                    "flag": true,
                    "disabled": false
                }
            ],
            [
                {
                    "parent": "task",
                    "name": "req",
                    "label": "查询",
                    "flag": true,
                    "disabled": false,
                    "routeName": "taskList"
                },
                {
                    "parent": "task",
                    "name": "detail",
                    "label": "查看",
                    "flag": true,
                    "disabled": false,
                    "routeName": "taskDetail"
                },
                {
                    "parent": "task",
                    "name": "add",
                    "label": "新增",
                    "flag": true,
                    "disabled": false,
                    "routeName": "taskAdd"
                },
                {
                    "parent": "task",
                    "name": "edit",
                    "label": "编辑",
                    "flag": true,
                    "disabled": false,
                    "routeName": "taskEdit"
                },
                {
                    "parent": "task",
                    "name": "delete",
                    "label": "删除",
                    "flag": true,
                    "disabled": false
                },
                {
                    "parent": "task",
                    "name": "riskFlag",
                    "label": "风险标记",
                    "flag": true,
                    "disabled": false
                }
            ],
            [
                {
                    "parent": "valueflow",
                    "name": "req",
                    "label": "查询",
                    "flag": true,
                    "disabled": false,
                    "routeName": "valueflowList"
                },
                {
                    "parent": "valueflow",
                    "name": "detail",
                    "label": "查看",
                    "flag": true,
                    "disabled": false,
                    "routeName": "valueflowDetail"
                },
                {
                    "parent": "valueflow",
                    "name": "add",
                    "label": "新增",
                    "flag": true,
                    "disabled": false,
                    "routeName": "valueflowAdd"
                },
                {
                    "parent": "valueflow",
                    "name": "edit",
                    "label": "编辑",
                    "flag": true,
                    "disabled": false,
                    "routeName": "valueflowEdit"
                },
                {
                    "parent": "valueflow",
                    "name": "delete",
                    "label": "删除",
                    "flag": true,
                    "disabled": false
                },
                {
                    "parent": "valueflow",
                    "name": "riskFlag",
                    "label": "风险标记",
                    "flag": true,
                    "disabled": false
                }
            ],
            [
                {
                    "parent": "graph",
                    "name": "req",
                    "label": "查看",
                    "flag": true,
                    "disabled": false,
                    "routeName": "graphList"
                }
            ],
            [
                {
                    "parent": "risk",
                    "name": "req",
                    "label": "查询",
                    "flag": true,
                    "disabled": false,
                    "routeName": "riskList"
                },
                {
                    "parent": "risk",
                    "name": "edit",
                    "label": "绘图",
                    "flag": true,
                    "disabled": false,
                    "routeName": "riskModel"
                },
                {
                    "parent": "risk",
                    "name": "delete",
                    "label": "解除",
                    "flag": true,
                    "disabled": false
                }
            ],
            [
                {
                    "parent": "permission",
                    "name": "req",
                    "label": "查看",
                    "flag": true,
                    "disabled": false
                },
                {
                    "parent": "permission",
                    "name": "edit",
                    "label": "修改",
                    "flag": false,
                    "disabled": false
                }
            ],
            [
                {
                    "parent": "editor",
                    "name": "use",
                    "label": "编辑",
                    "flag": true,
                    "disabled": false
                }
            ]
        ],
        "_X_ROW_KEY": "row_1728"
    },
    {
        "name": "temporary",
        "cname": "临时租户",
        "menuName": [
            {
                "label": "实体",
                "name": "entiry",
                "flag": false,
                "indeterminate": true,
                "disabled": false,
                "routeName": "entiry"
            },
            {
                "label": "业务领域",
                "name": "business",
                "flag": false,
                "indeterminate": true,
                "disabled": false,
                "routeName": "business"
            },
            {
                "label": "任务",
                "name": "task",
                "flag": false,
                "indeterminate": true,
                "disabled": false,
                "routeName": "task"
            },
            {
                "label": "价值流",
                "name": "valueflow",
                "flag": false,
                "indeterminate": true,
                "disabled": false,
                "routeName": "valueflow"
            },
            {
                "label": "统计图表",
                "name": "graph",
                "flag": false,
                "indeterminate": false,
                "disabled": false,
                "routeName": "graph"
            },
            {
                "label": "风险管理",
                "name": "risk",
                "flag": false,
                "indeterminate": false,
                "disabled": false,
                "routeName": "risk"
            },
            {
                "label": "权限管理",
                "name": "permission",
                "flag": false,
                "indeterminate": false,
                "disabled": false,
                "routeName": "permission"
            },
            {
                "label": "文本编辑",
                "name": "editor",
                "flag": true,
                "indeterminate": false,
                "disabled": false,
                "routeName": "editor"
            }
        ],
        "doneName": [
            [
                {
                    "parent": "entiry",
                    "name": "req",
                    "label": "查询",
                    "flag": true,
                    "disabled": false,
                    "routeName": "entiryList"
                },
                {
                    "parent": "entiry",
                    "name": "detail",
                    "label": "查看",
                    "flag": true,
                    "disabled": false,
                    "routeName": "entiryDetail"
                },
                {
                    "parent": "entiry",
                    "name": "add",
                    "label": "新增",
                    "flag": true,
                    "disabled": false,
                    "routeName": "entiryAdd"
                },
                {
                    "parent": "entiry",
                    "name": "edit",
                    "label": "编辑",
                    "flag": false,
                    "disabled": false,
                    "routeName": "entiryEdit"
                },
                {
                    "parent": "entiry",
                    "name": "delete",
                    "label": "删除",
                    "flag": false,
                    "disabled": false
                },
                {
                    "parent": "entiry",
                    "name": "riskFlag",
                    "label": "风险标记",
                    "flag": false,
                    "disabled": false
                }
            ],
            [
                {
                    "parent": "business",
                    "name": "req",
                    "label": "查询",
                    "flag": true,
                    "disabled": false,
                    "routeName": "businessList"
                },
                {
                    "parent": "business",
                    "name": "add",
                    "label": "新增",
                    "flag": true,
                    "disabled": false,
                    "routeName": "newBusiness"
                },
                {
                    "parent": "business",
                    "name": "edit",
                    "label": "编辑",
                    "flag": false,
                    "disabled": false,
                    "routeName": "businessEdit"
                },
                {
                    "parent": "business",
                    "name": "delete",
                    "label": "删除",
                    "flag": false,
                    "disabled": false
                },
                {
                    "parent": "business",
                    "name": "riskFlag",
                    "label": "风险标记",
                    "flag": false,
                    "disabled": false
                }
            ],
            [
                {
                    "parent": "task",
                    "name": "req",
                    "label": "查询",
                    "flag": true,
                    "disabled": false,
                    "routeName": "taskList"
                },
                {
                    "parent": "task",
                    "name": "detail",
                    "label": "查看",
                    "flag": true,
                    "disabled": false,
                    "routeName": "taskDetail"
                },
                {
                    "parent": "task",
                    "name": "add",
                    "label": "新增",
                    "flag": true,
                    "disabled": false,
                    "routeName": "taskAdd"
                },
                {
                    "parent": "task",
                    "name": "edit",
                    "label": "编辑",
                    "flag": false,
                    "disabled": false,
                    "routeName": "taskEdit"
                },
                {
                    "parent": "task",
                    "name": "delete",
                    "label": "删除",
                    "flag": false,
                    "disabled": false
                },
                {
                    "parent": "task",
                    "name": "riskFlag",
                    "label": "风险标记",
                    "flag": false,
                    "disabled": false
                }
            ],
            [
                {
                    "parent": "valueflow",
                    "name": "req",
                    "label": "查询",
                    "flag": true,
                    "disabled": false,
                    "routeName": "valueflowList"
                },
                {
                    "parent": "valueflow",
                    "name": "detail",
                    "label": "查看",
                    "flag": true,
                    "disabled": false,
                    "routeName": "valueflowDetail"
                },
                {
                    "parent": "valueflow",
                    "name": "add",
                    "label": "新增",
                    "flag": true,
                    "disabled": false,
                    "routeName": "valueflowAdd"
                },
                {
                    "parent": "valueflow",
                    "name": "edit",
                    "label": "编辑",
                    "flag": false,
                    "disabled": false,
                    "routeName": "valueflowEdit"
                },
                {
                    "parent": "valueflow",
                    "name": "delete",
                    "label": "删除",
                    "flag": false,
                    "disabled": false
                },
                {
                    "parent": "valueflow",
                    "name": "riskFlag",
                    "label": "风险标记",
                    "flag": false,
                    "disabled": false
                }
            ],
            [
                {
                    "parent": "graph",
                    "name": "req",
                    "label": "查看",
                    "flag": false,
                    "disabled": false,
                    "routeName": "graphList"
                }
            ],
            [
                {
                    "parent": "risk",
                    "name": "req",
                    "label": "查询",
                    "flag": false,
                    "disabled": false,
                    "routeName": "riskList"
                },
                {
                    "parent": "risk",
                    "name": "edit",
                    "label": "绘图",
                    "flag": false,
                    "disabled": false,
                    "routeName": "riskModel"
                },
                {
                    "parent": "risk",
                    "name": "delete",
                    "label": "解除",
                    "flag": false,
                    "disabled": false
                }
            ],
            [
                {
                    "parent": "permission",
                    "name": "req",
                    "label": "查看",
                    "flag": false,
                    "disabled": false
                },
                {
                    "parent": "permission",
                    "name": "edit",
                    "label": "修改",
                    "flag": false,
                    "disabled": false
                }
            ],
            [
                {
                    "parent": "editor",
                    "name": "use",
                    "label": "编辑",
                    "flag": true,
                    "disabled": false
                }
            ]
        ],
        "_X_ROW_KEY": "row_1728"
    }
]