[
    {
        "title": "基本信息",
        "formList": [
            {
                "name": "entiryName",
                "label": "实体名称",
                "type": "input",
                "required": true,
                "editDisabled": true,
                "rule": [
                    {
                        "required": true,
                        "message": "实体名称为必输项",
                        "trigger": "blur"
                    },
                    {
                        "min": 6,
                        "max": 12,
                        "message": "请输入6到12位之间的字符",
                        "trigger": "blur"
                    },
                    {
                        "pattern": "^[a-zA-Z][a-zA-Z0-9-]*$",
                        "message": "只可以输入英文,中划线,数字,并且必须以英文开头",
                        "trigger": "blur"
                    }
                ],
                "remark": "请输入6到12位之间的英文、中划线、数字,并且必须以英文开头",
                "default": ""
            },
            {
                "name": "entiryCnName",
                "label": "实体中文名称",
                "type": "input",
                "required": true,
                "editDisabled": true,
                "rule": [
                    {
                        "required": true,
                        "message": "实体中文名称为必输项",
                        "trigger": "blur"
                    },
                    {
                        "min": 3,
                        "max": 12,
                        "message": "请输入3到12位之间的字符",
                        "trigger": "blur"
                    },
                    {
                        "pattern": "^[\\u4e00-\\u9fa5][\\u4e00-\\u9fa5a-zA-Z0-9-]*$",
                        "message": "只可以输入中文,中划线,数字,并且必须以中文开头",
                        "trigger": "blur"
                    }
                ],
                "remark": "请输入3到12位之间的中文、中划线、数字,并且必须以中文开头",
                "default": ""
            },
            {
                "name": "entiryType",
                "label": "实体类型",
                "type": "select",
                "required": true,
                "rule": false,
                "default": null,
                "editDisabled": true,
                "options": [
                    {
                        "label": "实物资产",
                        "value": "kind"
                    },
                    {
                        "label": "机械设备",
                        "value": "mechanical"
                    },
                    {
                        "label": "个体资产",
                        "value": "individual"
                    },
                    {
                        "label": "IT资产",
                        "value": "information"
                    }
                ]
            },
            {
                "name": "description",
                "label": "描述",
                "type": "textarea",
                "required": false,
                "default": "",
                "editDisabled": false,
                "rule": false
            }
        ]
    },
    {
        "title": "配置信息",
        "formList": [
            {
                "name": "isMonitor",
                "label": "实时监控",
                "type": "radio",
                "required": true,
                "default": true,
                "rule": false,
                "editDisabled": false,
                "options": [
                    {
                        "label": true,
                        "text": "是"
                    },
                    {
                        "label": false,
                        "text": "否"
                    }
                ]
            },
            {
                "name": "shareList",
                "label": "共享人员",
                "type": "multiple_select",
                "required": false,
                "options": [],
                "optionsSource": "request",
                "requestMethod":"get",
                "query":{},
                "editDisabled": false,
                "default": [],
                "requestName": "/user/userAllList",
                "rule": false
            },
            {
                "name": "region",
                "label": "域",
                "type": "select",
                "required": true,
                "editDisabled": true,
                "rule": [
                    {
                        "required": true,
                        "message": "请选择域",
                        "trigger": "change"
                    }
                ],
                "default": null,
                "options": [
                    {
                        "label": "重要资产",
                        "value": "important"
                    },
                    {
                        "label": "附属资产",
                        "value": "affiliate"
                    },
                    {
                        "label": "非公共资产",
                        "value": "noGlobal"
                    },
                    {
                        "label": "风险资产",
                        "value": "risk"
                    }
                ]
            },
            {
                "name": "code",
                "label": "业主识别码",
                "type": "input",
                "required": true,
                "editDisabled": true,
                "rule": [
                    {
                        "required": true,
                        "message": "业主识别码为必输项",
                        "trigger": "blur"
                    },
                    {
                        "min": 6,
                        "max": 12,
                        "message": "请输入8到12位之间的数字",
                        "trigger": "blur"
                    },
                    {
                        "pattern": "^\\d+$",
                        "message": "只可以输入数字类型",
                        "trigger": "blur"
                    }
                ],
                "default": "",
                "remark": "资产的归属号,可以不唯一"
            },
            {
                "name": "addressUrl",
                "label": "实体地址",
                "type": "input",
                "required": false,
                "rule": false,
                "editDisabled": false,
                "default": ""
            },
            {
                "name": "url",
                "label": "链接",
                "type": "input",
                "required": false,
                "rule": false,
                "editDisabled": false,
                "default": ""
            },
            {
                "name": "upload",
                "label": "附属文件",
                "type": "upload",
                "required": false,
                "rule": false,
                "editDisabled": false,
                "default": ""
            },
            {
                "name": "date",
                "label": "截止日期",
                "type": "date",
                "required": true,
                "editDisabled": false,
                "rule": [
                    {
                        "required": true,
                        "message": "截止日期必须选择",
                        "trigger": "change"
                    }
                ],
                "default": "",
                "scope": true,
                "disabledScoped": "beforeNow"
            }
        ]
    },
    {
        "title": "实体模型图",
        "formList": [
            {
                "name": "flowChart",
                "label": "实体模型图",
                "type": "flowChart",
                "required": false,
                "editDisabled": false,
                "default": []
            }
        ]
    }
]