[{"entiryName":"love-tavern","entiryCnName":"爱情--酒馆","entiryType":"kind","description":"一家酒馆","isMonitor":true,"shareList":["wjt142368","ms162286"],"region":"important","code":"00000001","addressUrl":"旬阳北路1号","url":"baidu.com","upload":"youtube.com","date":"2023-06-20","flowChart":[{"fromX":345.5,"fromY":210,"targetX":1402,"targetY":266,"lineWidth":20,"name":"连接线","color":"red","modeType":"linkLine","styleType":"fill","id":"04268771-36aa-44c8-8935-4ab876bd865b","nodeIndex":0},{"fromX":322.5,"fromY":214,"targetX":592,"targetY":569,"lineWidth":20,"name":"连接线","color":"red","modeType":"linkLine","styleType":"fill","id":"25b1c4e0-448f-4bcc-9b58-72bc3605178d","nodeIndex":0},{"fromX":592,"fromY":569,"targetX":1402,"targetY":266,"lineWidth":20,"name":"连接线","color":"red","modeType":"linkLine","styleType":"fill","id":"7d36a7d1-691c-4567-9266-3b6e391f31a3","nodeIndex":0},{"x":237,"y":74,"width":200,"height":200,"name":"实物","color":"red","modeType":"rectFill","styleType":"fill","id":"bbac361a-5f12-4e88-aa16-83a962834793","nodeIndex":1,"fromList":["04268771-36aa-44c8-8935-4ab876bd865b","25b1c4e0-448f-4bcc-9b58-72bc3605178d"],"targetList":[],"text":{"info":"实物","color":"#fff"}},{"x1":1402,"y1":166,"x2":1302,"y2":366,"x3":1502,"y3":366,"name":"业务线","color":"red","modeType":"three","styleType":"stroke","id":"d4188371-fa61-4890-b2e5-3844669f2933","nodeIndex":1,"fromList":[],"targetList":["04268771-36aa-44c8-8935-4ab876bd865b","7d36a7d1-691c-4567-9266-3b6e391f31a3"],"text":{"info":"业务线","color":"#fff"}},{"x":592,"y":569,"arcSize":100,"name":"供应商","color":"red","modeType":"arcFill","styleType":"fill","id":"479bea8f-ff0e-4fdc-9ba6-ac632caa4f7e","nodeIndex":1,"fromList":["7d36a7d1-691c-4567-9266-3b6e391f31a3"],"targetList":["25b1c4e0-448f-4bcc-9b58-72bc3605178d"],"text":{"info":"供应商","color":"red"}}],"mode":"entiry","uuid":"b874b427-b2fe-454b-bd0d-6f54e0a79d13","updateTime":"2023-06-16 05:36:26","id":1},{"entiryName":"fast-IntBar","entiryCnName":"迅捷--网吧","entiryType":"individual","description":"一家网吧","isMonitor":true,"shareList":["wjt142368","ms162286"],"region":"affiliate","code":"00000002","addressUrl":"步行街7号二楼","url":"www.lodashjs.com/","upload":"","date":"2023-06-24","mode":"entiry","uuid":"fdb69981-1b6c-4970-a78f-518474312c32","updateTime":"2023-06-16 05:38:11","id":2},{"entiryName":"duskMovie","entiryCnName":"黄昏--影城","entiryType":"kind","description":"中型影城","isMonitor":false,"shareList":["ms162286"],"region":"noGlobal","code":"00000003","addressUrl":"步行街2号","url":"1x.antdv.com/components/input-cn/","upload":"youtube.com","date":"2031-06-21","mode":"entiry","uuid":"627fb6c1-94a9-438a-a978-a8609d900ca3","updateTime":"2023-06-16 05:40:06","id":3},{"entiryName":"fortressNet","entiryCnName":"堡垒网安公司","entiryType":"information","description":"一家专业护网公司","isMonitor":true,"shareList":["wjt142368"],"region":"important","code":"00000004","addressUrl":"帝国大街109号","url":"github.com/","upload":"youtube.com","date":"2036-06-14","mode":"entiry","uuid":"32f6ca49-91a7-4577-8e75-4e6aee67e0cb","updateTime":"2023-06-16 05:43:01","id":4}]