{
  "entiry": {
    "searchTemplate": [
      {
        "name": "entiryName",
        "type": "input",
        "label": "实体名称",
        "placeholder": "请输入实体名称",
        "show": true
      },
      {
        "name": "entiryType",
        "type": "select",
        "label": "实体类型",
        "placeholder": "请选择实体类型",
        "options": [
          {
            "label": "实物资产",
            "value": "kind"
          },
          {
            "label": "机械设备",
            "value": "mechanical"
          },
          {
            "label": "个体资产",
            "value": "individual"
          },
          {
            "label": "IT资产",
            "value": "information"
          }
        ],
        "show": true
      },
      {
        "name": "searchBtn",
        "type": "button",
        "btnType": "primary",
        "text": "查询",
        "event": "search"
      },
      {
        "name": "addBtn",
        "type": "button",
        "btnType": "primary",
        "text": "新增",
        "event": "toAdd"
      }
    ],
    "tableTemplate": [
      {
        "property": "entiryName",
        "label": "实体名称",
        "width": 200,
        "column": "details"
      },
      {
        "property": "entiryCnName",
        "label": "实体中文名称",
        "width": 200,
        "column": "normal"
      },
      {
        "property": "entiryType",
        "label": "实体类型",
        "width": "200",
        "column": "map"
      },
      {
        "property": "region",
        "label": "域",
        "width": "200",
        "column": "map"
      },
      {
        "property": "uuid",
        "label": "实体编码",
        "width": "400",
        "column": "normal"
      },
      {
        "property": "updateTime",
        "label": "最近更新时间",
        "width": "200",
        "column": "normal",
        "sortable":true
      }
    ],
    "searchData": {
      "entiryName": "",
      "entiryType": ""
    }
  },
  "valueflow": {
    "searchTemplate": [
      {
        "name": "valueflowName",
        "type": "input",
        "label": "价值流名称",
        "placeholder": "请输入价值流名称",
        "show": true
      },
      {
        "name": "uuid",
        "type": "input",
        "label": "价值流编码",
        "placeholder": "请输入价值流编码",
        "show": true
      },
      {
        "name": "searchBtn",
        "type": "button",
        "btnType": "primary",
        "text": "查询",
        "event": "search"
      },
      {
        "name": "addBtn",
        "type": "button",
        "btnType": "primary",
        "text": "新增",
        "event": "toAdd"
      }
    ],
    "tableTemplate": [
      {
        "property": "valueflowName",
        "label": "价值流名称",
        "width": 200,
        "column": "details"
      },
      {
        "property": "valueflowCnName",
        "label": "价值流中文名称",
        "width": 200,
        "column": "normal"
      },
      {
        "property": "uuid",
        "label": "价值流编码",
        "width": 400,
        "column": "normal"
      },
      {
        "property": "timeRange",
        "label": "生命周期",
        "width": 400,
        "column": "timeRange"
      },
      {
        "property": "updateTime",
        "label": "最近更新时间",
        "width": 200,
        "column": "normal",
        "sortable":true
      }
    ],
    "searchData": {
      "valueflowName": "",
      "uuid": ""
    }
  },
  "task": {
    "searchTemplate": [
      {
        "name": "taskName",
        "type": "input",
        "label": "任务名称",
        "placeholder": "请输入任务名称",
        "show": true
      },
      {
        "name": "uuid",
        "type": "input",
        "label": "任务编码",
        "placeholder": "请输入任务编码",
        "show": true
      },
      {
        "name": "searchBtn",
        "type": "button",
        "btnType": "primary",
        "text": "查询",
        "event": "search"
      },
      {
        "name": "addBtn",
        "type": "button",
        "btnType": "primary",
        "text": "新增",
        "event": "toAdd"
      }
    ],
    "tableTemplate": [
      {
        "property": "taskName",
        "label": "任务名称",
        "width": 200,
        "column": "details"
      },
      {
        "property": "taskCnName",
        "label": "任务中文名称",
        "width": 200,
        "column": "normal"
      },
      {
        "property": "uuid",
        "label": "任务编码",
        "width": 400,
        "column": "normal"
      },
      {
        "property": "timeRange",
        "label": "生命周期",
        "width": 400,
        "column": "timeRange"
      },
      {
        "property": "updateTime",
        "label": "最近更新时间",
        "width": 200,
        "column": "normal",
        "sortable":true
      }
    ],
    "searchData": {
      "taskName": "",
      "uuid": ""
    }
  }
}