[{"valueflowName":"valueflow-1","valueflowCnName":"价值流程-1","description":"一号价值流程","standardType":"energy","shareList":["wjt142368","ms162286"],"recomentiry":"b874b427-b2fe-454b-bd0d-6f54e0a79d13","timeRange":["2023-06-22","2023-07-20"],"date":"2025-06-19","mode":"valueflow","uuid":"c4204999-dba7-45a4-96ec-650fb02c9852","updateTime":"2023-06-19 02:31:51","id":1},{"valueflowName":"valueflow-2","valueflowCnName":"价值流程-2","description":"价值流2的描述","standardType":"craft","shareList":["wjt142368"],"recomentiry":"32f6ca49-91a7-4577-8e75-4e6aee67e0cb","timeRange":["2023-06-30","2024-07-19"],"mode":"valueflow","uuid":"e91211f1-0c45-4f3e-99ec-844030995aab","updateTime":"2023-06-19 03:42:07","id":2}]